Data,Categoria,Valor
2026-01-01,Transporte,225.51
2026-01-01,Alimentação,138.85
2026-01-01,Alimentação,245.29
2026-01-03,Alimentação,106.03
2026-01-03,Alimentação,246.85
2026-01-05,Moradia,234.48
2026-01-06,Alimentação,57.35
2026-01-07,Transporte,166.78
2026-01-09,Moradia,297.6
2026-01-09,Lazer,24.42
2026-01-10,Lazer,72.68
2026-01-13,Transporte,135.0
2026-01-14,Transporte,154.81
2026-01-14,Transporte,104.78
2026-01-15,Moradia,262.62
2026-01-15,Saúde,155.19
2026-01-15,Alimentação,219.79
2026-01-17,Moradia,212.04
2026-01-18,Moradia,138.72
2026-01-18,Saúde,153.14
2026-01-18,Transporte,91.69
2026-01-19,Alimentação,44.28
2026-01-21,Saúde,180.25
2026-01-22,Moradia,95.85
2026-01-25,Alimentação,211.93
2026-01-25,Transporte,238.27
2026-01-25,Transporte,47.03
2026-01-26,Alimentação,241.02
2026-01-28,Transporte,129.09
2026-01-29,Lazer,26.64
2026-01-31,Alimentação,263.49
2026-01-31,Alimentação,230.24
2026-01-31,Alimentação,212.67
2026-02-03,Alimentação,271.16
2026-02-03,Lazer,100.59
2026-02-04,Saúde,123.04
2026-02-04,Moradia,197.49
2026-02-05,Alimentação,172.8
2026-02-06,Transporte,102.02
2026-02-08,Transporte,202.13
2026-02-08,Transporte,33.46
2026-02-09,Alimentação,81.74
2026-02-13,Moradia,281.85
2026-02-14,Lazer,51.74
2026-02-15,Lazer,90.92
2026-02-17,Alimentação,243.65
2026-02-19,Saúde,84.58
2026-02-20,Alimentação,57.25
2026-02-21,Transporte,221.67
2026-02-23,Moradia,228.77
2026-02-23,Moradia,115.76
2026-02-23,Saúde,56.88
2026-02-26,Alimentação,279.31
2026-02-27,Moradia,225.25
2026-02-28,Transporte,274.66
2026-02-28,Moradia,116.21
2026-03-02,Alimentação,39.18
2026-03-03,Transporte,219.88
2026-03-05,Alimentação,54.02
2026-03-05,Lazer,84.68
2026-03-08,Moradia,48.42
2026-03-08,Lazer,88.86
2026-03-08,Transporte,264.36
2026-03-09,Alimentação,57.79
2026-03-09,Alimentação,136.9
2026-03-09,Saúde,36.95
2026-03-09,Lazer,215.9
2026-03-10,Moradia,228.36
2026-03-12,Transporte,239.08
2026-03-13,Moradia,49.08
2026-03-14,Alimentação,246.4
2026-03-15,Transporte,88.33
2026-03-16,Moradia,138.9
2026-03-18,Transporte,281.67
2026-03-19,Alimentação,57.83
2026-03-20,Alimentação,280.07
2026-03-21,Transporte,188.0
2026-03-22,Transporte,217.43
2026-03-23,Alimentação,280.95
2026-03-24,Saúde,105.89
2026-03-26,Saúde,272.34
2026-03-28,Alimentação,267.14
2026-03-28,Alimentação,95.84
2026-03-29,Transporte,96.07
2026-03-31,Lazer,26.87
2026-04-01,Transporte,143.71
2026-04-02,Alimentação,66.29
2026-04-02,Lazer,298.13
2026-04-03,Moradia,26.16
2026-04-04,Lazer,225.27
2026-04-04,Alimentação,93.8
2026-04-05,Alimentação,195.03
2026-04-05,Moradia,257.0
2026-04-05,Moradia,202.78
2026-04-06,Alimentação,94.61
2026-04-09,Lazer,108.49
2026-04-11,Lazer,186.08
2026-04-13,Transporte,95.66
2026-04-13,Alimentação,162.27
2026-04-14,Transporte,56.12
2026-04-16,Transporte,134.27
2026-04-16,Saúde,162.41
2026-04-17,Alimentação,38.39
2026-04-17,Transporte,201.42
2026-04-18,Transporte,177.11
2026-04-18,Lazer,29.56
2026-04-19,Alimentação,130.47
2026-04-20,Saúde,225.01
2026-04-20,Saúde,173.98
2026-04-24,Transporte,164.54
2026-04-24,Lazer,22.94
2026-04-25,Transporte,204.0
2026-04-26,Alimentação,268.04
2026-04-27,Saúde,139.55
2026-04-28,Lazer,208.48
2026-04-30,Moradia,229.58
2026-04-30,Alimentação,95.9
2026-05-02,Moradia,95.99
2026-05-02,Transporte,263.12
2026-05-03,Lazer,88.18
2026-05-08,Transporte,125.87
2026-05-10,Alimentação,149.37
2026-05-10,Alimentação,195.8
2026-05-11,Transporte,263.54
2026-05-11,Alimentação,148.23
2026-05-12,Lazer,251.66
2026-05-12,Transporte,236.88
2026-05-12,Alimentação,43.68
2026-05-13,Transporte,62.12
2026-05-14,Lazer,50.89
2026-05-16,Alimentação,91.0
2026-05-16,Transporte,227.1
2026-05-18,Alimentação,102.61
2026-05-19,Transporte,250.59
2026-05-19,Moradia,152.19
2026-05-19,Alimentação,177.62
2026-05-19,Alimentação,51.94
2026-05-21,Moradia,139.17
2026-05-22,Alimentação,233.51
2026-05-22,Saúde,153.41
2026-05-24,Transporte,212.67
2026-05-25,Alimentação,133.37
2026-05-25,Saúde,175.98
2026-05-26,Transporte,271.98
2026-05-26,Alimentação,29.6
2026-05-27,Saúde,275.51
2026-05-28,Alimentação,275.87
2026-05-28,Alimentação,147.41
2026-05-29,Lazer,290.05
2026-05-31,Alimentação,156.32
2026-06-01,Moradia,77.52
2026-06-02,Transporte,114.52
2026-06-03,Moradia,288.32
2026-06-05,Lazer,205.23
2026-06-06,Lazer,22.44
2026-06-08,Transporte,167.52
2026-06-08,Alimentação,94.02
2026-06-09,Saúde,249.82
2026-06-12,Transporte,120.12
2026-06-13,Transporte,133.32
2026-06-15,Saúde,289.7
2026-06-15,Alimentação,52.75
2026-06-17,Transporte,121.92
2026-06-18,Transporte,133.68
2026-06-20,Moradia,207.47
2026-06-20,Moradia,89.28
2026-06-22,Alimentação,136.24
2026-06-23,Alimentação,287.7
2026-06-25,Lazer,225.41
2026-06-26,Moradia,134.46
2026-06-26,Lazer,27.04
2026-06-26,Transporte,193.22
2026-06-26,Transporte,92.55
2026-06-28,Transporte,284.09
2026-06-29,Alimentação,48.43
2026-06-30,Transporte,85.59
2026-06-30,Transporte,153.62
2026-07-01,Moradia,139.98
2026-07-01,Alimentação,113.27
2026-07-01,Moradia,99.63
2026-07-01,Transporte,201.41
2026-07-02,Transporte,124.87
2026-07-02,Moradia,296.99
2026-07-02,Alimentação,96.84
2026-07-03,Alimentação,177.76
2026-07-03,Saúde,68.36
2026-07-03,Transporte,160.66
2026-07-04,Alimentação,86.69
2026-07-05,Moradia,169.75
2026-07-06,Transporte,297.04
2026-07-06,Alimentação,209.54
2026-07-07,Alimentação,119.46
2026-07-08,Alimentação,206.5
2026-07-10,Alimentação,79.46
2026-07-12,Transporte,96.07
2026-07-13,Moradia,194.85
2026-07-15,Alimentação,288.24
2026-07-16,Lazer,194.55
2026-07-16,Alimentação,148.48
2026-07-19,Transporte,115.96
